{
    "_default": {
        "1": {
            "nomePosicao": "Bloco 1",
            "x": 274.70550537109375,
            "y": 59.69585037231445,
            "z": -38.710845947265625,
            "r": 12.260246276855469
        }
    }
}