{
    "_default": {
        "1": {
            "nomePosicao": "Bloco 1",
            "x": 274.70550537109375,
            "y": 59.69585037231445,
            "z": -45.710845947265625,
            "r": 12.260246276855469
        },
        "2": {
            "nomePosicao": "Teste 1",
            "x": 218.31707763671875,
            "y": 71.03662872314453,
            "z": -38.37633514404297,
            "r": 18.023998260498047
        },
        "3": {
            "nomePosicao": "Teste 2",
            "x": 260.8642272949219,
            "y": 29.753990173339844,
            "z": -39.435585021972656,
            "r": 6.506996154785156
        },
        "4": {
            "nomePosicao": "para 1",
            "x": 214.122314453125,
            "y": -60.933780670166016,
            "z": -35.640750885009766,
            "r": -15.885009765625
        },
        "5": {
            "nomePosicao": "para 2",
            "x": 268.0373840332031,
            "y": -102.55998229980469,
            "z": -40.01228332519531,
            "r": -20.938507080078125
        },
        "6": {
            "nomePosicao": "Home",
            "x": 243.00001525878906,
            "y": 0.0,
            "z": 151.0,
            "r": 0.0
        },
        "7": {
            "nomePosicao": "Bloco 2",
            "x": 298.1900939941406,
            "y": 122.19938659667969,
            "z": -39.38749694824219,
            "r": 22.28399658203125
        },
        "8": {
            "nomePosicao": "para e 1",
            "x": 267.55487060546875,
            "y": -76.23023986816406,
            "z": -40.960304260253906,
            "r": -15.90301513671875
        },
        "9": {
            "nomePosicao": "para e 2",
            "x": 287.0340270996094,
            "y": -135.56396484375,
            "z": -39.02688980102539,
            "r": -25.281005859375
        },
        "10": {
            "nomePosicao": "Ponto novo",
            "x": 154.7303466796875,
            "y": -135.75933837890625,
            "z": 65.8572769165039,
            "r": -34.611812591552734
        }
    }
}